district_name,counts,total_hh,pecentage
Kitagwenda,1961,2057,0.9533300923675255
Rakai,4573,4906,0.9321239298817774
